<?xml version="1.0" encoding="UTF-8"?>
<hibernate-configuration xmlns="http://www.hibernate.org/xsd/orm/cfg" xmlns:xsi="http://www.w3.org/2001/XMLSchema-instance" xsi:schemaLocation="http://www.hibernate.org/xsd/orm/cfg ../../hibernate-configuration-4.0.xsd ">
  <session-factory>
  <property name="hibernate.connection.driver_class">oracle.jdbc.driver.OracleDriver</property>
  <property name="hibernate.connection.url">jdbc:oracle:thin:@localhost:1521:XE</property>
  <property name="hibernate.connection.username">hr</property>
  <property name="hibernate.connection.password">hr</property>
  <property name="hibernate.dialect">org.hibernate.dialect.Oracle10gDialect</property>
  <property name="hibernate.show_sql">true</property>  
  <mapping class="com.phoenix.data.User" />
  <mapping class="com.phoenix.data.Product" />
  </session-factory>
</hibernate-configuration>
